{
  "2604.02340": 6,
  "2604.04385": 0,
  "2604.05336": 13,
  "2604.06710": 0,
  "2604.08121": 42,
  "2604.08570": 120,
  "2604.08706": 17,
  "2604.08921": 2,
  "2604.09132": 49,
  "2604.09212": 2,
  "2604.09459": 11,
  "2604.09557": 10,
  "2604.10030": 14,
  "2604.10039": 1,
  "2604.10098": 72,
  "2604.10333": 6,
  "2604.10425": 2,
  "2604.10480": 19,
  "2604.10539": 1,
  "2604.10628": 2,
  "2604.10688": 19,
  "2604.10708": 39,
  "2604.10718": 3,
  "2604.10784": 5,
  "2604.10799": 5,
  "2604.10905": 25,
  "2604.10949": 38,
  "2604.11004": 1,
  "2604.11035": 19,
  "2604.11152": 0,
  "2604.11201": 32,
  "2604.11259": 11,
  "2604.11290": 1,
  "2604.11297": 132,
  "2604.11446": 3,
  "2604.11491": 2,
  "2604.11521": 6,
  "2604.11544": 2,
  "2604.11547": 4,
  "2604.11641": 37,
  "2604.11666": 3,
  "2604.11716": 3,
  "2604.11737": 5,
  "2604.11753": 14,
  "2604.11778": 6,
  "2604.11804": 66,
  "2604.11805": 15
}