{
  "2509.24244": 40,
  "2604.23789": 4,
  "2604.26326": 11,
  "2605.01402": 1,
  "2605.02364": 0,
  "2605.05765": 21,
  "2605.05886": 2,
  "2605.06096": 1,
  "2605.06741": 0,
  "2605.06788": 5,
  "2605.07287": 1,
  "2605.07465": 26,
  "2605.07630": 0,
  "2605.07721": 25,
  "2605.08354": 22,
  "2605.08384": 7,
  "2605.08423": 2,
  "2605.08513": 7,
  "2605.08520": 5,
  "2605.08600": 1,
  "2605.08659": 1,
  "2605.08715": 8,
  "2605.08735": 65,
  "2605.08738": 10,
  "2605.08985": 19,
  "2605.09015": 1,
  "2605.09063": 74,
  "2605.09163": 2,
  "2605.09169": 0,
  "2605.09196": 12,
  "2605.09241": 1,
  "2605.09262": 6,
  "2605.09269": 5,
  "2605.09271": 6,
  "2605.09423": 1,
  "2605.09548": 2,
  "2605.09608": 46,
  "2605.09630": 1,
  "2605.09649": 11,
  "2605.09708": 4,
  "2605.09810": 0,
  "2605.09820": 1,
  "2605.09877": 20,
  "2605.09959": 16,
  "2605.09996": 7,
  "2605.10032": 1,
  "2605.10334": 0,
  "2605.10341": 31,
  "2605.10344": 47,
  "2605.10434": 28,
  "2605.10453": 8,
  "2605.10468": 5,
  "2605.10488": 3,
  "2605.10537": 6,
  "2605.10664": 8,
  "2605.10730": 103,
  "2605.10762": 2,
  "2605.10781": 14,
  "2605.10813": 9,
  "2605.10848": 4,
  "2605.10889": 3,
  "2605.10903": 0,
  "2605.10913": 1,
  "2605.10921": 2,
  "2605.10922": 23,
  "2605.10923": 12,
  "2605.10933": 2,
  "2605.10938": 11
}