{
  "2605.04651": 1,
  "2605.05704": 1,
  "2605.05806": 4,
  "2605.06206": 1,
  "2605.06607": 1,
  "2605.07865": 16,
  "2605.08518": 6,
  "2605.08557": 2,
  "2605.08583": 1,
  "2605.08737": 2,
  "2605.08978": 1,
  "2605.09433": 6,
  "2605.09591": 2,
  "2605.09806": 5,
  "2605.09942": 13,
  "2605.10268": 2,
  "2605.10315": 0,
  "2605.10616": 125,
  "2605.10867": 4,
  "2605.11363": 7,
  "2605.11378": 1,
  "2605.11550": 18,
  "2605.11680": 1,
  "2605.11733": 2,
  "2605.12004": 11,
  "2605.12411": 44,
  "2605.12556": 1,
  "2605.12587": 32,
  "2605.12684": 7,
  "2605.12733": 1,
  "2605.12770": 0,
  "2605.12825": 7,
  "2605.12913": 5,
  "2605.12925": 2,
  "2605.12964": 15,
  "2605.12975": 8,
  "2605.12995": 1,
  "2605.12997": 1,
  "2605.13030": 5,
  "2605.13037": 6,
  "2605.13050": 5,
  "2605.13062": 30,
  "2605.13087": 2,
  "2605.13292": 1,
  "2605.13481": 1,
  "2605.13511": 28,
  "2605.13542": 6,
  "2605.13565": 46,
  "2605.13647": 0,
  "2605.13724": 83,
  "2605.13757": 19,
  "2605.13775": 6,
  "2605.13779": 200,
  "2605.13831": 77,
  "2605.13841": 58,
  "2605.14306": 2
}