{
  "2604.24658": 16,
  "2604.24902": 1,
  "2604.24952": 4,
  "2604.24953": 2,
  "2604.24954": 18,
  "2604.27039": 21,
  "2604.27083": 58,
  "2604.27085": 36,
  "2604.27151": 14,
  "2604.27251": 6,
  "2604.27351": 198,
  "2604.27419": 11,
  "2604.27505": 30,
  "2604.27578": 3,
  "2604.27711": 40,
  "2604.27766": 2,
  "2604.28130": 16,
  "2604.28139": 33,
  "2604.28157": 1,
  "2604.28158": 43,
  "2604.28169": 12,
  "2604.28181": 15,
  "2604.28185": 85,
  "2604.28190": 24
}