{
  "2602.00095": 1,
  "2605.00623": 3,
  "2605.01640": 4,
  "2605.04045": 26,
  "2605.04077": 4,
  "2605.04330": 3,
  "2605.04451": 6,
  "2605.04523": 39,
  "2605.04604": 2,
  "2605.04647": 7,
  "2605.04956": 5,
  "2605.04962": 7,
  "2605.05242": 83,
  "2605.05566": 34,
  "2605.05724": 13,
  "2605.05758": 2,
  "2605.05922": 2,
  "2605.06130": 66,
  "2605.06196": 6,
  "2605.06200": 11,
  "2605.06216": 5,
  "2605.06222": 38,
  "2605.06376": 25,
  "2605.06416": 50,
  "2605.06477": 2,
  "2605.06507": 35,
  "2605.06535": 1,
  "2605.06548": 68,
  "2605.06614": 33,
  "2605.06627": 5,
  "2605.06638": 11,
  "2605.06642": 20,
  "2605.06643": 2,
  "2605.06651": 10,
  "2605.06652": 2,
  "2605.06663": 8,
  "2605.06665": 7
}