{
  "2603.27490": 16,
  "2604.01848": 4,
  "2604.02315": 3,
  "2604.02372": 11,
  "2604.03480": 4,
  "2604.04415": 8,
  "2604.04987": 2,
  "2604.06870": 38,
  "2604.07413": 89,
  "2604.07786": 4,
  "2604.08118": 1,
  "2604.08540": 3,
  "2604.08567": 24,
  "2604.08571": 3,
  "2604.08626": 229,
  "2604.08641": 3,
  "2604.08644": 55,
  "2604.08801": 7,
  "2604.08995": 42,
  "2604.09130": 3,
  "2604.09168": 18,
  "2604.09181": 2,
  "2604.09201": 2,
  "2604.09237": 7,
  "2604.09450": 18,
  "2604.09482": 4,
  "2604.09527": 9,
  "2604.09531": 8,
  "2604.09544": 5
}