{
  "2604.27695": 0,
  "2605.00080": 15,
  "2605.04702": 1,
  "2605.05630": 10,
  "2605.06546": 35,
  "2605.06658": 15,
  "2605.07153": 6,
  "2605.07237": 22,
  "2605.07545": 1,
  "2605.07579": 13,
  "2605.07654": 1,
  "2605.08299": 9,
  "2605.08504": 5,
  "2605.08626": 1,
  "2605.08646": 1,
  "2605.08734": 4,
  "2605.09131": 33,
  "2605.09252": 1,
  "2605.09266": 12,
  "2605.09296": 3,
  "2605.09530": 137,
  "2605.09539": 2,
  "2605.09932": 1,
  "2605.09936": 0,
  "2605.09998": 15,
  "2605.10108": 1,
  "2605.10267": 3,
  "2605.10365": 8,
  "2605.10376": 1,
  "2605.10780": 31,
  "2605.10832": 20,
  "2605.10899": 70,
  "2605.10977": 9,
  "2605.11011": 9,
  "2605.11136": 9,
  "2605.11182": 5,
  "2605.11354": 1,
  "2605.11400": 4,
  "2605.11424": 3,
  "2605.11436": 0,
  "2605.11518": 3,
  "2605.11696": 3,
  "2605.11711": 8,
  "2605.11882": 15,
  "2605.12013": 26,
  "2605.12070": 15,
  "2605.12090": 56,
  "2605.12119": 2,
  "2605.12178": 58,
  "2605.12305": 2,
  "2605.12357": 103,
  "2605.12419": 1,
  "2605.12426": 1,
  "2605.12438": 5,
  "2605.12449": 4,
  "2605.12460": 15,
  "2605.12466": 5,
  "2605.12474": 3,
  "2605.12477": 7,
  "2605.12481": 24,
  "2605.12483": 8,
  "2605.12484": 12,
  "2605.12492": 4,
  "2605.12493": 4,
  "2605.12495": 31,
  "2605.12496": 24,
  "2605.12497": 11,
  "2605.12498": 0,
  "2605.12500": 160,
  "2605.12501": 13,
  "2605.12978": 17
}