{
  "2211.16780": 2,
  "2509.25843": 19,
  "2603.27844": 2,
  "2604.04514": 5,
  "2604.07466": 5,
  "2604.11661": 4,
  "2604.11707": 7,
  "2604.12966": 11,
  "2604.13226": 9,
  "2604.13618": 3,
  "2604.14062": 7,
  "2604.14125": 18,
  "2604.14164": 34,
  "2604.14228": 22,
  "2604.14265": 5,
  "2604.14268": 103,
  "2604.14430": 3,
  "2604.14531": 6,
  "2604.14572": 5,
  "2604.14629": 8,
  "2604.14683": 32,
  "2604.14914": 4,
  "2604.14922": 7,
  "2604.14967": 11,
  "2604.15231": 5,
  "2604.15284": 22,
  "2604.15308": 27,
  "2604.15309": 6,
  "2604.15311": 11
}