{
  "2511.10262": 1,
  "2602.15143": 0,
  "2604.03337": 0,
  "2604.06505": 2,
  "2604.08537": 5,
  "2604.11102": 6,
  "2604.13313": 11,
  "2604.14258": 22,
  "2604.15579": 1,
  "2604.15710": 6,
  "2604.15760": 0,
  "2604.16038": 1,
  "2604.16498": 1,
  "2604.16576": 0,
  "2604.16593": 3,
  "2604.16642": 1,
  "2604.16826": 15,
  "2604.16830": 10,
  "2604.16893": 33,
  "2604.16902": 2,
  "2604.16943": 1,
  "2604.17091": 6,
  "2604.17273": 0,
  "2604.17308": 17,
  "2604.17318": 1,
  "2604.17338": 2,
  "2604.17388": 0,
  "2604.17406": 1,
  "2604.17454": 0,
  "2604.17596": 0,
  "2604.17609": 6,
  "2604.17696": 4,
  "2604.17698": 1,
  "2604.17849": 9,
  "2604.17886": 1,
  "2604.17972": 1,
  "2604.18131": 4,
  "2604.18168": 91,
  "2604.18203": 3,
  "2604.18224": 20,
  "2604.18267": 1,
  "2604.18292": 72,
  "2604.18394": 60,
  "2604.18396": 2,
  "2604.18486": 75,
  "2604.18543": 21,
  "2604.18564": 38,
  "2604.18574": 19,
  "2604.18584": 8
}