{
  "2507.04227": 1,
  "2604.03088": 3,
  "2604.06159": 19,
  "2604.07429": 105,
  "2604.07882": 8,
  "2604.08510": 1,
  "2604.09409": 2,
  "2604.10866": 46,
  "2604.11045": 18,
  "2604.11490": 4,
  "2604.11548": 15,
  "2604.11626": 95,
  "2604.11748": 11,
  "2604.11788": 2,
  "2604.11969": 5,
  "2604.12002": 5,
  "2604.13151": 21,
  "2604.13201": 1,
  "2604.13418": 5,
  "2604.13822": 4,
  "2604.14004": 23,
  "2604.14048": 14,
  "2604.14084": 10,
  "2604.14113": 9,
  "2604.14116": 9,
  "2604.14141": 2,
  "2604.14142": 23,
  "2604.14144": 60,
  "2604.14147": 1,
  "2604.14148": 110
}