{
  "2511.16428": 2,
  "2601.20524": 6,
  "2602.06057": 5,
  "2603.27070": 5,
  "2604.03841": 10,
  "2604.05333": 21,
  "2604.06231": 17,
  "2604.06377": 7,
  "2604.06628": 309,
  "2604.06938": 6,
  "2604.07296": 36,
  "2604.07338": 5,
  "2604.07394": 16,
  "2604.07427": 6,
  "2604.07430": 175,
  "2604.07776": 20,
  "2604.07823": 66,
  "2604.07966": 10,
  "2604.08064": 8,
  "2604.08120": 19,
  "2604.08124": 5,
  "2604.08168": 17,
  "2604.08172": 5,
  "2604.08209": 25,
  "2604.08224": 46,
  "2604.08302": 49,
  "2604.08340": 8,
  "2604.08362": 15,
  "2604.08364": 95,
  "2604.08377": 273,
  "2604.08455": 43,
  "2604.08476": 8,
  "2604.08503": 7,
  "2604.08516": 41,
  "2604.08523": 253,
  "2604.08526": 20,
  "2604.08536": 5,
  "2604.08539": 46,
  "2604.08544": 16,
  "2604.08545": 40,
  "2604.08546": 112
}