{
  "2604.19926": 0,
  "2604.20246": 0,
  "2604.20779": 0
}