{
  "2604.24658": 13,
  "2604.24902": 0,
  "2604.24952": 3,
  "2604.24953": 1,
  "2604.24954": 16,
  "2604.27039": 19,
  "2604.27083": 48,
  "2604.27085": 35,
  "2604.27151": 14,
  "2604.27251": 5,
  "2604.27351": 193,
  "2604.27419": 9,
  "2604.27505": 29,
  "2604.27578": 3,
  "2604.27711": 38,
  "2604.27766": 2,
  "2604.28130": 14,
  "2604.28139": 31,
  "2604.28157": 0,
  "2604.28158": 39,
  "2604.28169": 10,
  "2604.28181": 15,
  "2604.28185": 82,
  "2604.28190": 21
}