{
  "2508.10180": 16,
  "2604.15574": 18,
  "2604.16391": 1,
  "2604.17565": 9,
  "2604.18756": 7,
  "2604.19548": 14,
  "2604.21106": 5,
  "2604.21480": 13,
  "2604.21681": 14,
  "2604.22446": 112,
  "2604.22782": 4,
  "2604.22841": 3,
  "2604.22842": 2,
  "2604.22875": 29,
  "2604.22880": 7,
  "2604.23099": 2,
  "2604.23210": 2,
  "2604.23446": 1,
  "2604.23600": 0,
  "2604.23604": 4,
  "2604.23644": 2,
  "2604.23772": 5,
  "2604.23775": 43,
  "2604.23781": 30,
  "2604.24003": 5,
  "2604.24040": 1,
  "2604.24170": 0,
  "2604.24198": 18,
  "2604.24300": 60,
  "2604.24479": 5,
  "2604.24583": 1,
  "2604.24597": 0,
  "2604.24762": 10,
  "2604.24763": 61,
  "2604.24764": 112
}