{
  "2411.18966": 7,
  "2604.25907": 2,
  "2604.27488": 4,
  "2604.28123": 41,
  "2605.00891": 20,
  "2605.01284": 1,
  "2605.01371": 4,
  "2605.01466": 4,
  "2605.01717": 4,
  "2605.02134": 14,
  "2605.02396": 17,
  "2605.02801": 5,
  "2605.02904": 5,
  "2605.02913": 5,
  "2605.02943": 2,
  "2605.03042": 95,
  "2605.03073": 2,
  "2605.03571": 5,
  "2605.03596": 5,
  "2605.03941": 2,
  "2605.04012": 9,
  "2605.04036": 59,
  "2605.04453": 9
}