{
  "2506.17001": 1,
  "2604.08645": 1,
  "2604.10268": 11,
  "2604.16926": 2,
  "2604.17295": 84,
  "2604.17492": 4,
  "2604.19734": 29,
  "2604.20156": 3,
  "2604.20244": 10,
  "2604.20398": 3,
  "2604.20987": 21,
  "2604.21193": 2,
  "2604.21300": 2,
  "2604.21375": 17,
  "2604.21668": 1,
  "2604.21686": 36,
  "2604.21689": 24,
  "2604.21889": 12,
  "2604.21904": 4,
  "2604.21915": 10,
  "2604.21921": 12,
  "2604.21931": 18
}