{
  "2510.04142": 2,
  "2604.20441": 3,
  "2604.24575": 3,
  "2604.25788": 1,
  "2604.27393": 56,
  "2604.28196": 69,
  "2605.00380": 4,
  "2605.01234": 2,
  "2605.02910": 20,
  "2605.03269": 101,
  "2605.03314": 1,
  "2605.03395": 3,
  "2605.03848": 5,
  "2605.03849": 117,
  "2605.04018": 30,
  "2605.04128": 12,
  "2605.04461": 98,
  "2605.04569": 12,
  "2605.04637": 3,
  "2605.04916": 3,
  "2605.05163": 33,
  "2605.05166": 1,
  "2605.05185": 92,
  "2605.05204": 22,
  "2605.05662": 4
}