{
  "2602.00095": 2,
  "2605.00623": 4,
  "2605.01640": 5,
  "2605.04045": 29,
  "2605.04077": 6,
  "2605.04330": 4,
  "2605.04451": 7,
  "2605.04523": 41,
  "2605.04604": 3,
  "2605.04647": 9,
  "2605.04956": 5,
  "2605.04962": 8,
  "2605.05242": 92,
  "2605.05566": 35,
  "2605.05724": 14,
  "2605.05758": 3,
  "2605.05922": 3,
  "2605.06130": 92,
  "2605.06196": 7,
  "2605.06200": 13,
  "2605.06216": 7,
  "2605.06222": 39,
  "2605.06376": 25,
  "2605.06416": 53,
  "2605.06477": 3,
  "2605.06507": 36,
  "2605.06535": 2,
  "2605.06548": 69,
  "2605.06614": 37,
  "2605.06627": 5,
  "2605.06638": 13,
  "2605.06642": 22,
  "2605.06643": 3,
  "2605.06651": 12,
  "2605.06652": 4,
  "2605.06663": 9,
  "2605.06665": 9
}