{
  "2605.00180": 14,
  "2605.06527": 35,
  "2605.08703": 2,
  "2605.09681": 7,
  "2605.10912": 35,
  "2605.11458": 3,
  "2605.11459": 0,
  "2605.12034": 1,
  "2605.13027": 2,
  "2605.13169": 6,
  "2605.13301": 107,
  "2605.13834": 2,
  "2605.13852": 11,
  "2605.13880": 22,
  "2605.13941": 20,
  "2605.14051": 1,
  "2605.14068": 0,
  "2605.14169": 6,
  "2605.14269": 2,
  "2605.14323": 1,
  "2605.14352": 1,
  "2605.14354": 0,
  "2605.14386": 33,
  "2605.14389": 1,
  "2605.14392": 2,
  "2605.14438": 1,
  "2605.14445": 13,
  "2605.14454": 1,
  "2605.14607": 8,
  "2605.14712": 13,
  "2605.14876": 1,
  "2605.14892": 31,
  "2605.14906": 51,
  "2605.15040": 9,
  "2605.15055": 13,
  "2605.15128": 46,
  "2605.15141": 36,
  "2605.15155": 55,
  "2605.15167": 6,
  "2605.15178": 43,
  "2605.15182": 30,
  "2605.15185": 0,
  "2605.15186": 12,
  "2605.15188": 1,
  "2605.15190": 5,
  "2605.15198": 15
}