{
  "2604.21003": 2,
  "2604.21481": 3,
  "2604.21523": 2,
  "2604.23380": 3,
  "2604.23941": 4,
  "2604.24005": 7,
  "2604.24441": 2,
  "2604.24625": 25,
  "2604.24819": 80,
  "2604.24842": 15,
  "2604.25032": 1,
  "2604.25164": 2,
  "2604.25203": 7,
  "2604.25256": 27,
  "2604.25427": 2,
  "2604.25636": 23,
  "2604.25719": 13,
  "2604.25727": 8,
  "2604.25806": 6,
  "2604.25819": 16,
  "2604.25914": 39,
  "2604.25917": 204
}