{
  "2604.21984": 4,
  "2604.23195": 2,
  "2604.23586": 1,
  "2604.23774": 14,
  "2604.24026": 16,
  "2604.27124": 5,
  "2604.27221": 32,
  "2604.27818": 2,
  "2605.00273": 6,
  "2605.00323": 2,
  "2605.00347": 12,
  "2605.00414": 6,
  "2605.00416": 10,
  "2605.00503": 5,
  "2605.00553": 15,
  "2605.00658": 77,
  "2605.00691": 2,
  "2605.00754": 2,
  "2605.00777": 1,
  "2605.00781": 23,
  "2605.00809": 21
}