{
  "2502.07408": 47,
  "2511.15915": 3,
  "2604.04936": 24,
  "2604.05716": 7,
  "2604.09860": 3,
  "2604.10261": 4,
  "2604.10571": 2,
  "2604.12012": 6,
  "2604.13074": 42,
  "2604.13902": 4,
  "2604.14518": 20,
  "2604.14568": 6,
  "2604.14663": 2,
  "2604.14816": 1,
  "2604.15151": 11,
  "2604.15411": 2,
  "2604.15453": 16,
  "2604.15715": 3,
  "2604.15804": 46,
  "2604.15923": 2,
  "2604.15950": 1,
  "2604.16027": 11,
  "2604.16029": 21,
  "2604.16044": 70,
  "2604.16254": 1,
  "2604.16272": 2,
  "2604.16299": 10,
  "2604.16503": 18
}