{
  "2405.13729": 10,
  "2604.09408": 3,
  "2604.25154": 3,
  "2604.27582": 3,
  "2604.27660": 139,
  "2604.27776": 11,
  "2604.28075": 18,
  "2605.00529": 4,
  "2605.00632": 2,
  "2605.00814": 18,
  "2605.00877": 13,
  "2605.00925": 1,
  "2605.00932": 3,
  "2605.01214": 3,
  "2605.01428": 17,
  "2605.01711": 4,
  "2605.01725": 4,
  "2605.02028": 3,
  "2605.02178": 6,
  "2605.02222": 4,
  "2605.02240": 7,
  "2605.02291": 1,
  "2605.02661": 10,
  "2605.02730": 5,
  "2605.02881": 204
}