{
  "2604.05072": 4,
  "2604.05278": 3,
  "2604.08865": 27,
  "2604.09443": 14,
  "2604.09497": 26,
  "2604.09574": 28,
  "2604.09594": 1,
  "2604.09687": 8,
  "2604.09746": 1,
  "2604.10465": 12,
  "2604.10577": 23,
  "2604.10812": 2,
  "2604.10966": 8,
  "2604.11177": 6,
  "2604.11211": 1,
  "2604.11579": 1,
  "2604.11689": 9,
  "2604.11784": 129,
  "2604.11840": 1,
  "2604.12119": 1,
  "2604.12152": 2,
  "2604.12322": 12,
  "2604.12373": 7,
  "2604.12374": 26,
  "2604.12626": 13,
  "2604.12627": 92,
  "2604.12710": 4,
  "2604.12887": 4,
  "2604.12890": 16,
  "2604.12946": 3,
  "2604.12978": 5,
  "2604.12989": 5,
  "2604.13010": 8,
  "2604.13015": 2,
  "2604.13016": 71,
  "2604.13018": 28,
  "2604.13023": 0,
  "2604.13030": 8,
  "2604.13036": 27,
  "2604.14025": 11
}