{
  "2511.07328": 13,
  "2512.18181": 84,
  "2602.03473": 11,
  "2604.25325": 2,
  "2605.00425": 19,
  "2605.00933": 2,
  "2605.03353": 6,
  "2605.03408": 3,
  "2605.04615": 22,
  "2605.04808": 19,
  "2605.05136": 1,
  "2605.05558": 2,
  "2605.05781": 3,
  "2605.05838": 4,
  "2605.05997": 16,
  "2605.06105": 2,
  "2605.06139": 63,
  "2605.06169": 119,
  "2605.06221": 20,
  "2605.06241": 3,
  "2605.06380": 3,
  "2605.06455": 3,
  "2605.06597": 12,
  "2605.06628": 5,
  "2605.06702": 2,
  "2605.06716": 5,
  "2605.06734": 2,
  "2605.06747": 48,
  "2605.06832": 6,
  "2605.06924": 15,
  "2605.07039": 3,
  "2605.07075": 6,
  "2605.07079": 2,
  "2605.07177": 57,
  "2605.07210": 3,
  "2605.07243": 3,
  "2605.07363": 12,
  "2605.07394": 3,
  "2605.07396": 37,
  "2605.07447": 3,
  "2605.07510": 5,
  "2605.07748": 22,
  "2605.07755": 20,
  "2605.07825": 25,
  "2605.07850": 17,
  "2605.07896": 7,
  "2605.07915": 7,
  "2605.07924": 0,
  "2605.07940": 1,
  "2605.08029": 10,
  "2605.08043": 9,
  "2605.08044": 9,
  "2605.08063": 87,
  "2605.08078": 11,
  "2605.08083": 60,
  "2605.08678": 7,
  "2605.08767": 1
}