{
  "2604.22868": 1,
  "2604.23426": 1,
  "2604.23758": 1,
  "2604.24351": 10,
  "2604.24927": 59,
  "2604.24977": 6,
  "2604.25135": 8,
  "2604.25441": 2,
  "2604.25476": 2,
  "2604.26067": 64,
  "2604.26091": 5,
  "2604.26116": 1,
  "2604.26186": 2,
  "2604.26694": 6,
  "2604.26752": 88,
  "2604.26779": 6,
  "2604.26904": 46,
  "2604.26951": 42
}